title,genres,year,rating
The Shawshank Redemption,Drama,1994,9.3
The Dark Knight,"Action, Crime, Drama",2008,9.0
Inception,"Action, Sci-Fi, Thriller",2010,8.8
The Godfather,"Crime, Drama",1972,9.2
Parasite,"Comedy, Drama, Thriller",2019,8.6
Spirited Away,"Animation, Adventure, Fantasy",2001,8.6
Toy Story,"Animation, Family, Comedy",1995,8.3
Get Out,"Horror, Mystery, Thriller",2017,7.7
La La Land,"Comedy, Drama, Music, Romance",2016,8.0
Dune,"Adventure, Sci-Fi, Drama",2021,8.0
The Matrix,"Action, Sci-Fi",1999,8.7
Pulp Fiction,"Crime, Drama",1994,8.9
Forrest Gump,"Drama, Romance",1994,8.8
The Lord of the Rings: The Fellowship of the Ring,"Adventure, Drama, Fantasy",2001,8.9
Interstellar,"Adventure, Drama, Sci-Fi",2014,8.7
Gladiator,"Action, Adventure, Drama",2000,8.5
The Lion King,"Animation, Adventure, Drama",1994,8.5
Titanic,"Drama, Romance",1997,7.9
Avengers: Endgame,"Action, Adventure, Sci-Fi",2019,8.4
Whiplash,"Drama, Music",2014,8.5
The Prestige,"Drama, Mystery, Sci-Fi",2006,8.5
Fight Club,Drama,1999,8.8
Coco,"Animation, Adventure, Family",2017,8.4
Joker,"Crime, Drama, Thriller",2019,8.4
Up,"Animation, Adventure, Comedy",2009,8.3
The Social Network,"Biography, Drama",2010,7.8
Django Unchained,"Drama, Western",2012,8.4
The Grand Budapest Hotel,"Adventure, Comedy, Crime",2014,8.1
Mad Max: Fury Road,"Action, Adventure, Sci-Fi",2015,8.1
Knives Out,"Comedy, Crime, Drama",2019,7.9
Everything Everywhere All at Once,"Action, Adventure, Comedy",2022,7.8
Spider-Man: Into the Spider-Verse,"Animation, Action, Adventure",2018,8.4
The Silence of the Lambs,"Crime, Drama, Thriller",1991,8.6
Goodfellas,"Biography, Crime, Drama",1990,8.7
Se7en,"Crime, Drama, Mystery",1995,8.6
The Departed,"Crime, Drama, Thriller",2006,8.5
Amelie,"Comedy, Romance",2001,8.3
Your Name,"Animation, Drama, Fantasy",2016,8.4
The Grand Illusion,Drama,1937,8.0
A Quiet Place,"Drama, Horror, Sci-Fi",2018,7.5
Shutter Island,"Mystery, Thriller",2010,8.2
